kod	ad
060101	Azərbaycan dili və ədəbiyyatı müəllimliyi
060102	Dil və ədəbiyyat müəllimliyi (dillər üzrə)
060103	Xarici dil müəllimliyi (dillər üzrə)
060104	Fizika müəllimliyi
060105	Riyaziyyat müəllimliyi
060106	Fiziki tərbiyə və çağırışaqədərki hazırlıq müəllimliyi (qızlar üçün fiziki tərbiyə)
060107	Texnologiya müəllimliyi
060108	Musiqi müəllimliyi
060109	Biologiya müəllimliyi
060110	Kimya müəllimliyi
060111	Tarix müəllimliyi
060112	Coğrafiya müəllimliyi
060113	İnformatika müəllimliyi
060114	Təsviri incəsənət müəllimliyi
060115	İbtidai sinif müəllimliyi
060116	Korreksiyaedici təlim
060117	Məktəbəqədər təlim və tərbiyə
060118	Təhsildə sosial-psixoloji xidmət
060119	Pedaqogika []
060201	Filologiya
060202	Fəlsəfə
060203	Tərcümə
060204	Jurnalistika
060205	Kitabşünaslıq
060206	Tarix
060207	Antropologiya
060208	Politologiya
060209	Psixologiya
060210	Sosiologiya
060211	Regionşünaslıq
060212	Hüquqşünaslıq
060213	Beynəlxalq münasibətlər
060214	Dinşünaslıq
060215	Kitabxanaçılıq və informasiya
060301	Muzeyşünaslıq, arxiv və abidələrin qorunması
060302	Sənətşünaslıq
060303	İnstrumental ifaçılıq
060304	Solo oxuma
060305	Dirijorluq
060306	Bəstəkarlıq
060307	Musiqişünaslıq
060308	Xoreoqrafiya sənəti
060309	Estrada sənəti
060310	Xalq çalğı alətləri ifaçılığı
060311	Aktyor sənəti
060312	Dekorativ sənət
060313	Teatrşünaslıq
060314	Bədii yaradıcılıq və ekran dramaturgiyası
060315	Rejissorluq
060316	Kinoşünaslıq
060317	Operator sənəti
060318	Rəngkarlıq
060319	Qrafika
060320	Heykəltəraşlıq
060321	Dizayn
060401	Dünya iqtisadiyyatı
060402	Mühasibat uçotu və audit
060403	Maliyyə
060404	İqtisadiyyat
060405	- Sənayenin təşkili və idarə edilməsi
060406	Statistika
060407	Menecment
060408	Marketinq
060409	Biznesin idarə edilməsi
060410	Dövlət və bələdiyyə idarəetməsi
060411	Kommersiya
060412	Davamlı inkişafın idarə edilməsi
060501	Riyaziyyat
060502	Mexanika
060503	Fizika
060504	Kimya
060505	Biologiya
060506	Coğrafiya
060507	Hidrometeorologiya
060508	Geologiya
060509	Kompüter elmləri
060510	Ekologiya
060601	Materialşünaslıq mühəndisliyi
060602	Geologiya mühəndisliyi
060603	Hidrogeologiya mühəndisliyi
060604	Geofizika mühəndisliyi
060605	Dağ-mədən mühəndisliyi
060606	Neft-qaz mühəndisliyi
060607	Neft-qaz qurğuları mühəndisliyi
060608	Elektroenergetika mühəndisliyi
060609	İstilik energetikası mühəndisliyi
060610	Enerji maşınqayırması mühəndisliyi
060611	Metallurgiya mühəndisliyi
060612	Maşın mühəndisliyi
060613	Avianəqliyyat istehsalatının təşkili mühəndisliyi
060614	Aviasiya texnikası avadanlıqlarının istismarı mühəndisliyi
060615	Hava nəqliyyatının hərəkətinin idarə olunması mühəndisliyi
060616	Uçuş mühəndisliyi
060617	Hava nəqliyyatında texnoloji proseslərin və istehsalatın təhlükəsizliyi mühəndisliyi
060618	Dəniz texnikası və texnologiyası mühəndisliyi
060619	Dəniz texnikası və avadanlıqlarının istismarı mühəndisliyi
060620	Gəmiçilik və gəmilərin hərəkətinin idarə edilməsi
060621	Dəmir yolu nəqliyyatı və təsərrüfatı mühəndisliyi
060622	Yerüstü nəqliyyat vasitələrinin mühəndisliyi
060623	Nəqliyyatda daşımaların və idarəetmənin təşkili mühəndisliyi
060624	Cihazqayırma mühəndisliyi
060625	Texnoloji maşın və avadanlıqlar mühəndisliyi
060626	Elektrik mühəndisliyi
060627	Elektronika, telekommunikasiya və radiotexnika mühəndisliyi
060628	Proseslərin avtomatlaşdırılması mühəndisliyi
060629	Mexatronika və robototexnika mühəndisliyi
060630	Mexanika mühəndisliyi
060631	Kompüter mühəndisliyi
060632	İnformasiya texnologiyaları və sistemləri mühəndisliyi
060633	Memarlıq
060634	İnşaat mühəndisliyi
060635	Mühəndis sistemlərinin və qurğularının tikintisi mühəndisliyi
060636	Nəqliyyat tikintisi mühəndisliyi
060637	Meliorasiya və su təsərrüfatı tikintisi mühəndisliyi
060638	Tikinti materialları və məmulatlarının texnologiyası mühəndisliyi
060639	Meşə materiallarının və ağac emalının texnologiyası mühəndisliyi
060640	Geodeziya və xəritəçilik mühəndisliyi
060641	Kimya mühəndisliyi
060642	Qida məhsulları mühəndisliyi
060643	Çoxişlənən malların texnologiyası mühəndisliyi
060644	İstehlak mallarının ekspertizası və marketinqi
060645	Poliqrafiya mühəndisliyi
060646	- Təkrar emal və bərpa texnologiyaları mühəndisliyi
060647	Metrologiya, standartlaşdırma və sertifikasiya mühəndisliyi
060648	Biotibbi texnika mühəndisliyi
060649	Ekologiya mühəndisliyi
060650	- Yanğın təhlükəsizliyi mühəndisliyi
060651	Fövqəladə hallar və həyat fəaliyyətinin təhlükəsizliyi mühəndisliyi
060652	Kosmik texnika və texnologiyalar mühəndisliyi
060653	Şəhərsalma
060701	Torpaqşünaslıq və aqrokimya
060702	Aqronomluq
060703	Zootexniklik
060704	Baytarlıq
060705	Yer quruluşu, torpaq və şəhər kadastrı
060706	Aqromühəndislik
060707	Balıqçılıq və balıqçılıq təsərrüfatı işi
060708	Meşəçilik
060709	Su bioehtiyatları və akvabitkilər
060801	Əczaçılıq
060802	Bədən tərbiyəsi və idman
060803	Turizm və otelçilik
060804	Nəqliyyat servisi (nəqliyyat növləri üzrə)
060805	Sosial iş
060901	Anesteziologiya-reanimatologiya
060902	Ümumi cərrahiyyə
060903	Neyrocərrahiyyə
060904	Plastik cərrahiyyə
060905	Ürək-damar cərrahiyyəsi
060906	Uşaq cərrahiyyəsi
060907	Otorinolarinqologiya
060908	Travmatologiya-ortopediya
060909	Onkologiya
060910	Urologiya
060911	Oftalmologiya
060912	Mamalıq-ginekologiya
060913	Psixiatriya
060914	Nevrologiya
060915	Daxili xəstəliklər
060916	Kardiologiya
060917	Nefrologiya
060918	Qastroenterologiya
060919	Hematologiya
060920	Dermatovenerologiya
060921	İmmunologiya
060922	Allerqologiya və immunologiya
060923	Yoluxucu xəstəliklər
060924	Revmatologiya
060925	Endokrinologiya
060926	Narkologiya
060927	Fizioterapiya və tibbi bərpa
060928	Ftiziatriya
060929	Patoloji anatomiya, məhkəmə-tibbi ekspertiza
060930	Pediatriya
060931	Şüa terapiyası
060932	Şüa diaqnostikası
060933	Stomatologiya
060934	Üz-çənə cərrahiyyəsi
060935	Sosial gigiyena və səhiyyənin təşkili
060936	Gigiyena
060937	Tibbi mikrobiologiya
060938	Laboratoriya işi
060939	Tibbi genetika
060940	Epidemiologiya
060941	Ailə təbabəti
060942	Nüvə təbabəti
060943	Endodontiya
060944	Parodontologiya
060945	Restorativ stomatologiya
060946	Ortopedik stomatologiya
060947	Uşaq stomatologiyası
060948	Ortodontiya
060949	Uşaq və yeniyetmə psixiatriyası
060950	Neonatologiya
060951	Uşaq endokrinologiyası
060952	Uşaq kardiologiyası
060953	Uşaq nefrologiyası
060954	Uşaq nevrologiyası
060955	Uşaq qastroenterologiyası
060956	Uşaq urologiyası
060957	Uşaq yoluxucu xəstəlikləri
060958	Uşaq ürək-damar cərrahiyyəsi
